done,Assignment,Assignment (german),Description,Description (german),Keywords,Keywords (german),fundamentals,Fundamentales,Format,Format german,Effort (min),Level,Skill,Credits,Learning Outcome,Learning Outcome (german),Hints,Hints (german),Assessment,Assessment (german),Video time,missing videos
yes,Nucleosynthesis,Nukleosynthese,"The chemical elements are in fact the sum of certain isotopes. The latter are formed by a range of processes, of which most still occur. These processes are called ›nucleosynthesis‹. Describe these various processes of nucleosynthesis and where these occur.","Die chemischen Elemente sind tatsächlich die Summe bestimmter Isotope. Letztere bilden sich in einer Reihe von Prozessen, von denen die meisten noch heute ablaufen. Diese Prozesse werden ›Nukleosynthese‹ genannt. Beschreibe diese verschiedenen Nukleosynthese-Prozesse, und wo diese stattfinden.","big bang, star, nucleosynthesis, spallation, chart of nuclides","urknall, stern, nukleosynthese, spallation, nuklid-karte",fundamentals,Fundamentales,Short Video (5-10 minutes) or Essay (300-600 words),Short Video (5-10 minutes) or Essay (300-600 words),70,basic,2,2,Define and discriminate ›element‹ and ›isotope‹. Recall and distinguish between the various nucleosynthetic processes – and be able to provide an example for each. Roughly remember the isotope ranges formed in the various nucleosynthetic processes. Construct and describe the general layout of the chart of nuclides. Give an example for each of the three most abundant  nucleosynthetic processes in stars.,"Definiere und unterscheide ›Element‹ und ›Isotope‹. Erinnere und grenze die verschiedenen Nukleosynthese-Prozesse voneinander ab. Sei imstande Beispiele für jeden Prozess zu geben. Erinnere ungefähr, welche Isotope in den verschiedenen Nukleosynthese-Prozessen gebildet werden. Gib ein Beispiel für jeden der drei häufigsten Nukleosynthese-Prozesse in Sternen.","Nucleosynthesis – Big Bang,Nukleosynthese – Spallation,Nukleosynthese – Stellar,Nukleosynthese – r-s-p-Prozesse,Chart of Nuclides","Nukleosynthese – Big Bang,Nukleosynthese – Spallation,Nukleosynthese – Stellar,Nukleosynthese – r-s-p-Prozesse,Nuklid-Karte",summative,fasse zusamme,"5 Videos, 25 min",
yes,Stars and their Evolution,Sterne und deren Entwicklung,"The about 100.000 stars in our galaxy, as well as the billions others in our universe are highly diverse. Stars reach different ages and undergo various evolutions. Most importantly, they are a main source of element production (=nucleosynthesis). Describe the various stars, how these evolve, and how and when elements are formed in and around stars.","Die etwa 100.000 Sterne unserer Galaxie, wie auch die Milliarden restlichen unseres Universums sind sehr unterschiedlich. Sterne werden unterschiedlich alt und durchlaufen unterschiedliche Entwicklungen. Sie sind vor allem einer der Hauptorte der Element-Bildung (=Nukleosynthese). Beschreibe die unterschiedlichen Sterne, welche Entwicklung diese durchlaufen, und wie und wann sich Elemente in und um Sterne bilden.","star, Hertzsprung-Russel-Diagram, binding energy, nucleosynthesis","stern, Hertzsprung-Russel-Diagramm, bindungsenergie, nukleosynthese",fundamentals,Fundamentales,Short Video (5-10 minutes) or Essay (300-600 words),Short Video (5-10 minutes) or Essay (300-600 words),70,basic,2,2,"Recall and describe the formation environment of stars in general and our Sun in particular. Explain how stars evolve. Illustrate the nucleosynthesis in the various stars. Relate the various nucleosynthetic processes (these need to be known) to the nuclide binding energies, as well as to the various types of stars.","Erinnere und beschreibe die Bildungsumgebungen von Sternen im Allgemeinen und unserer Sonne im Speziellen. Erkläre, wie sich Sterne entwicklen. Illustriere die Nukleosynthese in the verschiedenen Sternen. Setzte die unterschiedlichen Nukleosynthese-Prozesse (diese müssen bekannt sein) in Bezug zu den Nuklid-Bindungsenergien, sowie den verschiedenen Stern-Typen.","Modelling Star Formation from a Molecular Cloud,Comparing Star Sizes,Hertzsprung-Russell Diagram,Nuclide Binding Energies,Onion Shell Model of Stellar Nucleosynthesis","Modellierung der Stern-Bildung in Molekülwolken,Vergleich von Stern-Größen,Hertzsprung-Russell Diagramm,Bindungsenergien der Nuklide,Zwiebelschalen-Modell der Stellaren Nukleosynthese",summative,fasse zusamme,"5 Videos, 25 min",
yes,Formation and Evolution of our Solar System,Entstehung und Entwicklung unseres Sonnensystems,"Our Solar System had an eventful start. More and more extra-solar solar- and planetary systems are discovered, in various stages of their early formation. Using this information and together with the much more and much more detailed information from meteorites, it is then possible to reconstruct the formation and evolutionary phases of our Solar System. Describe the events in the first millions of years when planetary systems in general, and our Solar System in particular form and formed, respectively.","Unser Sonnensystem hatte einen bewegten Anfang. Es werden immer mehr extra-solare Sonnen- und Planetensystems in unterschiedlichen Stadien ihrer Frühentwicklung entdeckt. Gemeinsam mit den sehr viel mehr und detailreicheren Informationen aus Meteoriten kann die Entstehungs- und Entwicklungsphase unseres Sonnensystems rekonstruiert werden. Beschreibe, was in den ersten Millionen Jahren geschieht, wenn Planetensysteme allgemein, und unsere Sonnensystem mehr im speziellen, entstehen, bzw. entstand.","solar system, protoplanetary disk, planet, material growth","sonnensystem, protplanetare scheibe, planet, materialwachstum",fundamentals,Fundamentales,Short Video (5-10 minutes) or Essay (300-600 words),Short Video (5-10 minutes) or Essay (300-600 words),70,basic,2,2,Summarise the evolutionary path of a protoplanetary disk from star formation to a planetary system. Relate the isotopic composition of meteorites to what we think happened in the initial stage of our solar system. Describe the growth steps from dust grains to planets.,"Fasse zusammen, wie sich eine protoplanetare Scheibe entwickelt, beginnend bei der Sternbildung, bis hin zu einem Planetensystem. Setzte die Isotopenzusammensetzung der Meteorite in Beziehung dazu, was vermutlich in der Initialphase unseres Sonnensystems geschah. Beschreibe die Wachstumsschritte von Staubkörnern zu Planeten.","Modelling Star Formation from a Molecular Cloud,ALMA Image of a Protoplanetary Disk,Formation of the Protoplanetary Disk,Initial Composition of the Protoplanetary Disk,Material Growth in the Early Solar System,Lifetimes of Protoplanetary Disks","Modellierung der Stern-Bildung in Molekülwolken,ALMA Bild einer Protoplanetaren Scheibe,Bildung der Protoplanetaren Scheibe,Anfangszusammensetzung der Protoplanetaren Scheibe,Materialwachstum im frühen Sonnensystem,Lebensdauer Protoplanetarer Scheiben",summative,fasse zusamme,"6 Videos, 18 min",
yes,Origin and Find Locations of Meteorites,Herkunft und Fundgebiete der Meteorite,"Meteoroids – rocks, travelling through the Solar System – continuously collide with Earth, cross Earth’s as meteors, and finally land on the Earth’s surface as meteorites. Find out and describe from where meteorites originate, how we know this, what process ultimately deflects meteorites towards Earth, how long meteorites travel through space – but also, where meteorites are most easily found.","Meteoroide – Steine, welche durchs Sonnensystem reisen – kollidieren regelmäßig mit der Erde, durchkreuzen als Meteore die Erdatmosphäre, und landen schließlich als Meteorite auf der Erdoberfläche. Finde heraus und beschreibe woher Meteorite tatsächlich stammen, woher wir das wissen, welcher Prozess Meteorite in Richtung Erde lenkt, wie lange Meteorite dabei durchs All fliegen – aber auch, wo wir Meteorite am Häufigsten finden und suchen, und warum genau dort.","meteorite, origin, Kirkwood, exposure age, desert, antarctica","meteorit, ursprung, Kirkwood, bestrahlungsalter, wüste, antarktis",fundamentals,Fundamentales,Short Video (5-10 minutes) or Essay (300-600 words),Short Video (5-10 minutes) or Essay (300-600 words),60,basic,2,2,Illustrate how we know meteorites originate from the asteroid belt. Explain how meteorites arrive at Earth crossing orbits. Recall the various travelling times of meteorites from asteroids to Earth. Summarise the meteorite find locations and state why meteorites are primarily found there.,"Zeige wir wir wissen, dass Meteorite aus dem Asteroidengürtel stammen. Erkläre wie Meteorite auf erdkreuzende Bahnen gelangen. Rufe Dir die unterschiedlichen Reisezeiten der Meteorite von den Asteroiden zur Erde ins Gedächtnis. Fasse die Fundorte der Meteorite zusammen und lege dar, weshalb diese primär dort gefunden werden.","Triangulated Meteorite Trajectories,Kirkwood Gaps,Cosmic Ray Exposure Ages of Meteorites,Find Locations of Meteorites,Meteorite Concentration during Antarctic Ice Movement,Terrestrial Age of Meteorites","Triangulierte Meteoriten-Trajektorien,Kirkwood Lücken,Kosmisches Bestrahlungsalter der Meteorite,Fundgebiete der Meteorite,Meteoriten-Konzentration durch Eisbewegung in der Antarktis,Terrestrisches Alter der Meteorite",summative,fasse zusamme,"6 Videos, 15+? min",Terrestrisches Alter der Meteorite
yes,Asteroids and their Origin,Asteroide und ihre Herkunft,"Asteroids are small planetary bodies that formed the planets. Meteorites originate from asteroids. This means, asteroids are older than planets, and meteorites witnessed the earliest events in our Solar System. Here, we solely focus asteroids. Describe, where asteroids are located in the Solar System, how they look like, how many there are, where and how they orbit the Sun, and how we know from which asteroids which meteorites originate.","Asteroide sind kleine Körper, aus denen sich die Planeten gebildet haben. Meteorite stammen von den Asteroiden. D.h., Asteroide sind älter als die Planeten, und Meteorite Zeuge der frühsten Ereignisse im Sonnensystem. Hier geht es nur um die Asteroiden selbst. Beschreibe, wo im Sonnensystem diese sich befinden, wie sie aussehen, wie viele es gibt, wie und wo sie die Sonne umlaufen, und wie wir wissen, von welchen Asteroiden welche Meteorite stammen.","asteroids, location, orbit, appearance, spectra","asteroide, ort, orbit, aussehen, spektra",fundamentals,Fundamentales,Short Video (5-10 minutes) or Essay (300-600 words),Short Video (5-10 minutes) or Essay (300-600 words),50,basic,2,2,"Show the general location and orbits of asteroids in our Solar System. Describe the overall appearances of asteroids. Relate spectral features of asteroids to meteorites. Ability to detail the difference between un/differentiated asteroids. Vocabulary like element partititon, siderophile/lithophile elements, source of (not) primitive meteorites, chronology. For example: (1) differences: petrology, petrography, chemical composition, age, size, thermal history, core, mantle, primitve. (2) causes: heating, short lived radionuclides, differentiation, liquid immiscibility. (3) similarities: age, accretion from precursors.","Zeige wo im Sonnensystem sich die Asteroide befinden, und wie sie die Sonne umlaufen. Beschreibe das allgemeine Aussehen der Asteroide. Setze die spektralen Eigenschaften von Asteroiden in Bezug zu Meteoriten.","The Asteroid Belt,Distribution of Asteroid Types,Asteroid Orbital Inclinations,Image Examples of Asteroids,Reflection-Spectra of Asteroids and Meteorites","Der Asteroiden-Gürtel,Verteilung der Asteroiden-Typen,Inklination der Asteroiden-Orbits,Bild-Beispiele von Asteroiden,Reflexions-Spektren von Asteroiden und Meteoriten",summative,fasse zusamme,"5 Videos, 10+? min",
yes,Asteroid Cooling Rates,Abkühlraten der Asteroide,"Differentiated, but a als some undifferentiated asteroids were heated to high, but also intermediate temperatures, respectively. The cooling history of asteroids can be reconstructed using their chronology or structures in iron meteorites. Learn about cooling rates and times of asteroids, and recall and describe these and how these are determined.","Differenzierte, aber teilweise auch undifferenzierte Asteroide wurde stark bis mäßig aufgeheizt. Die Abkühlungsgeschichte von Asteroiden kann über Datierungen oder Strukturen in Eisen-Meteoriten bestimmt werden. Informiere Dich über Abkühlraten und -zeiten von Asteroiden, nenne und beschreibe diese, bzw. wie diese bestimmt werden.","asteroid, cooling, rate, time, iron, chronology","asteroid, abkühlung, rate, zeit, eisen, chronologie",optional,Optional,Brief Video (3-5 minutes) or Essay (100-200 words),Brief Video (3-5 minutes) or Essay (100-200 words),45,basic,2,1,"Recall and describe cooling rates and times of Asteroids and iron meteorites. Recall the important phase diagram for iron meteorites, including its parameters, and be able to describe a typical cooling path in this phase diagram.","Kenntnis und Erklärung über Abkühlraten und -dauern von Asteroiden und Eisen-Meteoriten. Kenntnis des wichtigen Phasendiagramms für Eisen-Meteorit, inklusive seiner Elemente, sowie Beschreibung einen typischen Abkühlpfad darin.","Chronology of Parent Body Cooling,Fe-Ni Phase Diagram,Overview of Iron Meteorite Cooling Rates,Iron Meteorite Cooling Rates Using Island Widths","Chronologie der Abkühlung von Mutterkörpern,Fe-Ni Phasen-Diagramm,Übersicht der Abkühlraten von Eisen-Meteoriten,Eisen-Meteorit Abkühlraten aus Insel-Breiten",summative,fasse zusamme,"4 Videos, 11+? min",
yes,Structure and Texture of Meteorites and Asteroids,Aufbau und Struktur der Meteorite und Asteroide,"Meteorites are fragments from asteroids. Few asteroids have not be changed since they formed. In this case, the material in meteorites is primitive, unprocessed material from the protoplanetary disk. However, many asteroids were heated or collided with other asteroids. Learn, how asteroids can be structured as a result of their individual evolution. Further, learn which general meteorite types exist with respect to their parent body evolution, and how these meteorites look like today.","Meteorite sind Bruchstücke von Asteroiden. Einige Asteroide wurden seit ihrer Bildung nicht weiter verändert. In dem Fall enthalten Meteoriten primitives, unprozessiertes Material aus der protoplanetaren Scheibe. Viele Asteroide wurden jedoch aufgeheizt oder kollidierten mit anderen Asteroiden. Informiere Dich, wie Asteroide aufgrund ihrer eigenen Evolution aufgebaut sein können. Lerne außerdem, welche generellen Meteoriten-Typen es infolgedessen gibt, und wie diese heute aussehen.","asteroid, meteorite, differentiation, classification, shock, petrology, type","asteroid, meteorit, differentation, klassifikation, schock, petrologie, typ",fundamentals,Fundamentales,Short Video (5-10 minutes) or Essay (300-600 words),Short Video (5-10 minutes) or Essay (300-600 words),50,basic,2,2,"Describe the possible structures of asteroids. Explain why asteroids can be heated, and what this does to an asteroid. Explain the various secondary processes that can change an asteroid, and  what macro- and microscopic changes these cause. Explain the connection between asteroids and the various meteorite types. Describe how meteorite melt crusts appear, and how and when these are formed.","Beschreibe wie Asteroide aufgebaut sein können. Erkläre, warum sich Asteroide aufheizen können, und was infolgedessen geschehen kann. Erkläre die verschiedenen Prozesse welche die Asteroide sekundär überprägen, und zu welchen makro- und mikroskopischen Veränderungen das führt. Erkläre den Zusammenhang zwischen Asteroiden und den unterschiedlichen Meteoriten-Typen. Beschreibe wie Meteoriten-Schmelzkrusten aussehen, und wie und wann sich diese bilden.","Possible Structures of Parent Bodies,Differentiation of Planetesimals,Hands on Meteorites,Images of Meteorite Hand Specimens,Meteorite Shock Classification","Möglicher Aufbau von Mutter-Körpern,Differentiation von Planetesimalen,Meteorite als Handstücke,Bilder von Meteoriten-Handstücken,Der Petrologische Typ,Meteoriten Schock-Klassifikation",summative,fasse zusamme,"7 Videos, 21.5+? min",
yes,The Various Meteorite Classes,Die verschiedenen Klassen der Meteorite,"The various meteorites differ in many of their properties. Have a look how meteorites are classified, and which important criteria are used for this. The meteorite classification is further directly linked to their parent bodies. Understand this link.","Meteorite unterscheiden sich in vielen Eigenschaften. Schaue Dir an, wie Meteorite klassifiziert werden, und welche Kriterien dafür wichtig sind. Die Meteoriten-Klassifikation hat außerdem einen direkten Bezug zu deren Mutterkörper. Verstehe diesen Zusammenhang.","classification, meteorite, asteroid","klassifikation, meteorit, asteroid",fundamentals,Fundamentales,Short Video (5-10 minutes) or Essay (300-600 words),Short Video (5-10 minutes) or Essay (300-600 words),60,basic,2,2,"State the criteria for meteorite classification. Draw the general scheme of meteorite classification down to about the clan-level, including their relative abundances. Explain the relation between meteorite classification with the structure and texture of their parent bodies.","Nenne die Kriterien, um Meteorite zu klassifizieren. Zeichne die allgemeine Klassifikation der Meteorite bis etwa auf Clan-Ebene, inklusive deren relativer Häufigkeiten. Erkläre, wie die Klassifikation der Meteorite mit dem Aufbau und der Struktur ihrer Mutterkörper zusammen hängt.","Meteorite Classification,Classification of Ordinary Chondrites,Classification of Iron Meteorites,Abundances of the Various Meteorite Classes","Klassifikation der Meteorite,Klassifikation der Gewöhnlichen Chondrite,Klassifikation der Eisen-Meteorite,Häufigkeiten der verschiedenen Meteoriten-Klassen",summative,fasse zusamme,"4 Videos, 19 min",
yes,Presenting elements and their compositions,Darstellung der Elemente und deren Zusammensetzungen,The element composition of meteorites and their components are presented and determined in various ways. Learn and understand two of the frequently used techniques: normalisation und modal recombination.,"Die Element-Zusammensetzung von Meteoriten und der Komponenten wird auf unterschiedliche Weise dargestellt und bestimmt. Lerne und verstehe, wie zwei der häufigsten Techniken funktionieren: Normalisierung und Modale Rekombination.","presentation, element, chemical, normalisation, modal recombination","darstellung, element, chemisch, normalisierung, modale rekombination",fundamentals,Fundamentales,Short Video (5-10 minutes) or Essay (300-600 words),Short Video (5-10 minutes) or Essay (300-600 words),50,basic,2,2,"Confidently apply normalisation to e.g., present element compositions of bulk meteorites in category plots. Confidently apply modal recombination to e.g., calculate bulk element compositions of chondrules.","Wende die Normalisierung von sicher an, um zB die Element-Zusammensetzungen von Gesamt-Meteoriten in Kategorien-Diagrammen darzustellen. Wende die modale Rekombination sicher an, um zB die Gesamt-Element-Zusammensetzung von Chondren zu berechnen.","Normalisation,Modal Recombination with Density Correction","Normalisierung,Modale Rekombination mit Dichte-Korrektur",summative,fasse zusamme,"2 Videos, 18 min",
yes,The chemical elements and their cosmochemical character,Die chemischen Elemente und ihr kosmochemischer Charakter,"The chemical elements behave differently, depending on e.g., ambient pressure or temperature. Various element characteristics have been derived from this and in combination with thermodynamic calculations. Learn about the cosmochemical classification of the elements from tables and the Cosmochemical Periodic Table of the Elements. Further, have a look which elements are primarily concentrates in which of the phases and components in meteorites. Print the Cosmochemical Periodic Table of the Elements for your personal records.","Die chemischen Elemente verhalten sich unterschiedlich, je nach zB Umgebungs-Druck oder -Temperatur. In Kombination mit thermodynamischen Rechnungen wurden daraus unterschiedliche Eigenschaften der Elemente abgeleitet. Informiere Dich über die kosmoschemische Klassifikation der Elemente anhand von Tabellen und dem kosmochemischen Periodensystem. Schaue Dir weiter an, welche chemischen Elemente sich in welche Phasen und Komponenten der Meteorite verteilen. Drucke Dir das kosmoschemische PSE für Deine Unterlagen aus.","condensation, gas","Kondensation, Gas",fundamentals,Fundamentales,Short Video (5-10 minutes) or Essay (300-600 words),Short Video (5-10 minutes) or Essay (300-600 words),50,basic,2,2,"Explain the 50% condensation temperature. Knowledge of the various cosmochemical characteristics of the elements and their relationship to the condensation temperature. Recall the 10 most abundant elements in meteorites and their cosmochemical character. Knowledge, which elements are abundant in which mineral. Demonstrate the relationship between element/mineral and condensation temperature.","Erkläre die 50% Kondensationstemperatur. Kenntnis der verschiedenen, kosmochemischen Charakteristika der Elemente und deren Verbindung zur Kondensationstemperatur. Erinnern der 10 häufigsten Elemente in Meteoriten mit ihrem kosmochemischen Charakter. Kenntnis welche Elemente in welchen Mineralen häufig sind. Darstellung des Zusammenhangs zwischen Element/Mineral und Kondensationstemperatur.","Cosmochemical Periodic Table of the Elements,Cosmochemical Characteristics of the Elements,Fundamental Properties of Chondrites","Kosmochemisches Periodensystem der Elemente,Kosmochemische Element-Eigenschaften,Generelle Eigenschaften der Elemente",summative,fasse zusamme,"3 Videos, 15 min",
yes,The condensation of the elements and minerals,Die Kondensation der Elemente und Minerale,"There is evidence that parts of the protoplanetary disk were initially partly evaporated, which cooled again, thereby condensing minerals. Learn the various mechanisms of condensation, as well as the sequence of mineral condensation in such formerly evaporated regions.","Es gibt einige Belege, dass Teile der protoplanetaren Scheibe initial evaporiert waren, anschließend wieder abkühlten, und dabei Minerale kondensierten. Informiere Dich über die Möglichkeiten der unterschiedlichen Kondensationsmechanismen, sowie die Sequenz der Mineral-Kondensation in solche ursprünglich evaporieren Bereichen.","condensation, fractional, equilibrium, protoplanetary disk, gas, mineral, sequence","kondensation, fraktionierung, gleichgewicht, protoplanetare scheibe, gas, mineral, sequenz",fundamentals,Fundamentales,Short Video (5-10 minutes) or Essay (300-600 words),Short Video (5-10 minutes) or Essay (300-600 words),60,basic,2,2,"Explain and describe the difference between equilibrium and fractional condensation. Schematic drawing of the condensation sequence, including the most important minerals. Explain the relationship between condensation sequence and cosmochemical character of the elements.",Erklären und benennen des Unterschieds zwischen Gleichgewichts- und fraktionierter Kondensation. Schematisches zeichnen der Kondensationsreihenfolge mit den wichtigsten Mineralen. Erklären des Zusammenhangs zwischen Kondensationsreihenfolge und kosmoschemischem Charakter der Elemente.,"Equilibrium Condensation,Fractional Condensation,Condensation Sequence of the Minerals","Gleichgewichtskondensation,Fraktionierte Kondensation,Kondensationsreihenfolge der Minerale",summative,fasse zusamme,"3 Videos, 20 min",
yes,"Chemical fractionation trends in meteorites, Earth, ISM and the galaxy","Chemische Fraktionierungstrends in Meteoriten, Erde, ISM und der Galaxie","The chemical composition of Meteorites, the Earth, etc. are the result of their initial composition, their various formation processes, and their subsequent evolution. Their composition is thereby changed on a large scale – the entire Earth, meteorites in general, the ISM, etc. –, but also on small scales, e.g., the composition of individual minerals. Learn about the composition of meteorites, Earth, ISM, and the galaxy on a large scale. Inform yourself about their fractionation trends, and how these were established.","Die chemische Zusammensetzung der Meteorite, Erde, etc. sind von deren Anfangszusammensetzung, sowie den unterschiedlichen Prozessen deren Bildung und weiterer Evolution abhängig. Deren Zusammensetzungen wird dabei auf großem Maßstab – die ganze Erde, Meteorite allgemein, das ISM, etc. –, aber auch im kleinen Maßstab verändert, z.B. die Zusammensetzung einzelner Minerale. Lerne über die Zusammensetzung von Meteoriten, Erde, ISM und der Galaxie auf großem Maßstab. Informiere Dich über deren Fraktionierungstrends, und weshalb sich diese in der beobachteten Weise gebildet haben.","composition, meteorite, Earth, ISM, gas, bulk, fractionation, trend","zusammensetzung, meteorit, Erde, ISM, gas, gesamt, bulk, fraktionierung, trend",fundamentals,Fundamentales,Video (7-15 minutes) or Essay (600-1000 words),Video (7-15 minutes) or Essay (600-1000 words),80,advanced,2,4,"Explain why Earth and meteorites have different Mg/Si- and Al/Si/ratios. Give reasons for these differences. Explain why highly siderophile elements (HSE) are higher in Earth’s mantle than expected. Argue why the refractory elements are depleted in the ISM-gas. Provide evidence why our solar system has a typical Mg/Si-ratio. Explain why the Mg/Si-ratio of other stars is evidence for fractional condensation (-> needs to be known) in other protoplanetary disks, but likely also the protoplanetary disk from which our planetary system was born. Describe how the chemical composition of our galaxy evolved as a whole, and provide reasons for this.","Erkläre weshalb Erde und Meteorite unterschiedliche Mg/Si- und Al/Si-Verhältnisse habe. Nenne Gründe für diese Unterschiede. Erkläre, weshalb die hochsiderophilen Elemente (HSE) im Erdmantel höher sind als erwartet. Argumentiere, weshalb die refraktären Elemente im ISM-Gas verarmt sind. Gib Belege, weshalb das Mg/Si-Verhältnis unserer Sonnensystems typisch ist. Erkläre, weshalb das Mg/Si-Verhältnis anderer Sterne ein Beleg ist für fraktionierte Kondensation (-> muss bekannt sein) in anderen und wohl auch der protoplanetaren Scheibe am Beginn unseres Sonnensystems. Beschreibe, wie sich die chemische Zusammensetzung unserer Galaxie als gesamtes entwickelt, und nenne Gründe dafür.","Cosmochemical Fractionation Trend and Terrestrial Array,Bulk Silicate Earth Element Composition and Depletion,Element Abundances in the ISM Gas,Mg-Si Ratios of Stars in the Vicinity,Galactic Chemical Evolution","Kosmochemischer Fraktionierungstrend und Terrestrisches Feld,Gesamtzusammensetzung und Verarmung der Gesamt-Silikaterde,Elementzusammensetzung des ISM Gas,Mg-Si Verhältnis von Sternen in der Umgebung,Galaktische Chemische Entwicklung",summative,fasse zusamme,"5 Videos, 24+? min",Galaktische Chemische Entwicklung
yes,Chemical composition of the meteorties,Chemische Zusammensetzung der Meteorite,"We use the chemical composition of meteorites to learn about the formation and evolution of the protoplanetary disk, from which our planetary system formed. The composition of the meteorites is the result of the composition of the meteorite parent body formation region and subsequent processes, which primarily occurred on the meteorite parent bodies. The meteorite composition is one way of meteorite classification, which means, this classification contains information about the meteorite formation regions. Learn about the chemical composition of meteorites and what we can learn from this about their formation and evolution.","Aus der chemischen Zusammensetzung der Meteorite lernen wir etwas über die Entstehung und Entwicklung der protoplanetaren Scheibe, aus der unser Planetensystem entstand. Die Zusammensetzung der Meteorite ist das Ergebnis der Zusammensetzung der Meteoriten-Mutterkörper-Bildungsbereiche, sowie anschließender Prozesse, die primär auf den Meteoriten-Mutterkörpern stattfanden. Meteorite werden unter anderem aufgrund ihrer Zusammensetzung klassifiziert, die damit Information über deren Bildungsbereiche enthalten. Lerne über die chemische Zusammensetzung der Meteorite, und was wir daraus über deren Bildung und Entwicklung lernen.","meteorite, compositino, formation, evolution, parent body, classification","meteorit, zusammensetzung, bildung, entwicklung, mutterkörper, klassifikation",fundamentals,Fundamentales,Video (7-15 minutes) or Essay (600-1000 words),Video (7-15 minutes) or Essay (600-1000 words),90,advanced,2,4,"Explain the key importance of the CI-chondrites for cosmo- but also geochemistry. Recall the meaning of ›cosmochemical abundance of the elements‹, and describe this. Name the 10 most abundant elements, their relative abundance and cosmochemical character (-> needs to be known). Generally illustrate the element abundance of the various meteorite groups. Relate the meteorite compositions to their formation. Describe the meteorite volatile depletion and give mechanisms how these formed.","Erkläre die zentrale Bedeutung der CI-Chondrite für die Kosmo- aber auch Geochemie. Erinnere Dich, was ›kosmische Häufigkeit der Elemente‹ bedeutet, und beschreibe diese. Nenne die 10 häufigsten Elemente, deren relative Häufigkeiten, sowie kosmochemischen Charakter (-> muss bekannt sein). Illustriere in groben Zügen die Element-Zusammensetzungen in den verschiedenen Meteoriten-Gruppen. Setzte die Meteoriten-Zusammensetzungen in Bezug zu deren Bildung. Beschreibe die Volatil-Verarmung in Meteoriten, und nenne Gründe, wie diese entstand.","The fundamental Element-Correlation Solar Photosphere vs. CI Chondrites,CI Chondrite Element Abundances,Mean Bulk Element Compositions of the Various Chondrite Groups,Classification and Comparison by Bulk Chondrite Composition,Volatile Element Depletion in Carbonacous Chondrites,The Urey-Craig Diagram","Die fundamentale Element-Korrelation Solare Photosphäre vs. CI Chondrite,Häufigkeit der Elemente in CI Chondriten,Mittlere Element-Zusammensetzung der verschiedenen Chondrit-Gruppen,Klassifikation und Vergleich der Gesamtzusammensetzung der Chondrite,Volatil-Verarmung in Kohligen Chondriten,Das Urey-Craig Diagramm",summative,fasse zusamme,"6 Videos, 37+? min",
yes,Presenting isotopes and their compositions,Darstellung der Isotope und deren Zusammensetzungen,"The isotope composition of a meteorite, mineral, etc. is given differently than that of a chemical element composition. One reason is that the ratio of two isotopes is independent of the abundance of other isotopes of the same element (for the same reason elements are normalised). There are, however, also analytical necessities for this. Learn and explain isotope notations and, why this kind of notations have been chosen.","Die Isotopen-Zusammensetzung eines Meteoriten, Minerals, etc. wird anders angegeben als deren chemische Element-Zusammensetzung. Das hängt unter anderem damit zusammen, dass das Verhältnis zweier Isotope unabhängig ist von der Häufigkeit möglicher weiterer Isotope desselben Elements (aus demselben Grund wird die Elementzusammensetzung normiert). Es gibt dafür aber auch eine analytische Notwendigkeit. Lerne und erkläre wie Isotope notiert werden und warum diese Art der Notation gewählt wurde.","isotope, notation, approximation, ln, delta","isotop, notation, näherung, Ln, delta",fundamentals,Fundamentales,Short Video (5-10 minutes) or Essay (300-600 words),Short Video (5-10 minutes) or Essay (300-600 words),60,basic,2,2,Explain why isotopes are presented as ratios and not absolute values. Give arguments why isotope ratios are presented relative to a standard. Confident usage and explanation of the various stable and radioactive isotope notations. Explain the approximation a-1 = Ln(a).,"Erkläre weshalb Isotope als Verhältnisse und nicht als absolute Werte angegeben werden. Argumentiere, warum Isotopen-Verhältnisse relativ zu einem Standard angegeben werden. Sicheres Umgehen und Erklären der verschiedenen stabilen und radioaktiven Isotopen Notationen. Erkläre die Näherung a-1 = Ln(a).","Isotope Notation,The approximation a-1 = Ln(a),Isotope Notation – Capital Delta,Isotope Notation of Radioactive Elements","Isotopen Notation,Die Näherung a-1 = Ln(a),Isotopen Notation – Groß Delta,Isotopen Notation Radioaktiver Isotope",summative,fasse zusamme,"4 Videos, 30 min",
yes,Isotope composition of the meteorites,Isotopische Zusammensetzung der Meteorite,"The isotope composition of bulk meteorites is used to identify various meteorite formation regions. In this way, meteorite bulk isotope compositions are used as classification properties. Two often used schemes are oxygen isotopes and nucleosynthetic anomalies. These two schemes are principally different. Learn the difference between these schemes, explain how these are used, and what can be learned from these for our understanding of the protoplanetary disk.","Die Isotopen-Zusammensetzung von Gesamt-Meteoriten wird genutzt, um unterschiedliche Bildungsregionen der Meteorite zu identifizieren. Damit dient sie gleichzeitig als Klassifikationsmerkmal. Zwei häufig genutzte Schemata dafür sind einmal die Sauerstoff-Isotope, und zum Anderen nukleosynthetische Anomalien. Diese beiden Schemata sind prinzipiell verschieden. Lerne den Unterschied dieser Schemata, erkläre wie diese verwendet werden und was aus diesen für unser Verständnis der protoplanetaren Scheibe abgeleitet werden kann.","isotope, bulk, oxygen, nucelosynthetic, classification, mass dependent, mass independent","isotop, gesamt, bulk, sauerstoff, nukleosynthetisch, klassifikation, massenabhängig, massenunabhängig",fundamentals,Fundamentales,Short Video (5-10 minutes) or Essay (300-600 words),Short Video (5-10 minutes) or Essay (300-600 words),45,basic,2,2,"Explain the various slopes in the the oxygen 3-isotope-plot Explain mass(in)dependent fractionation. Describe how oxygen isotopes are used for meteorite classification, and where meteorites, but also other components as well as the Sun plot in the oxygen 3-isotope plot. Provide arguments to explain the nucleosynthetic meteorite dichotomy, thereby relating this to presolar grains and a possible structuring of the protoplanetary disk, as well as the influence of Jupiter on this hypothetical structuring.","Erkläre die verschiedenen Steigungen im Sauerstoff 3-Isotopen-Plot. Erkläre massen(un)abhängige Fraktionierung. Beschreibe, wie Sauerstoff-Isotope als Meteoriten-Klassifikation genutzt werden, und wo sich die verschiedenen Meteorite, aber auch weitere Komponenten, sowie die Sonne im Sauerstoff 3-Isotopen-Plot finden. Argumentiere, wie die nukleosynthetische Dichotomie der Meteorite entstand, und setze diese dabei in Bezug zu präsolaren Körnern und einer möglichen Strukturierung der protoplanetaren Scheibe, sowie dem Einfluss Jupiters auf diese hypothetische Strukturierung.","Classification and the Oxygen (O) 3-Isotope Plot,Bulk Meteorite Nucleosynthetic Isotope Dichotomy","Klassifikation und der Sauerstoff (O) 3-Isotopen Plot,Gesamt-Meteorit Nukleosynthetische Isotopen Dichotomie",summative,fasse zusamme,"2 Videos, 12 min",
yes,The chondrite components,Die Komponenten der Chondrite,"Chondrites contain primitive material that directly formed in the protoplanetary disk and was subsequently not at all to strongly altered in the meteorite parent body. Individual meteorite components allow reconstructing the structure, formation, evolution, chronology, etc. of the protoplanetary disk. It is therefore pivotal to know the various chondrite components. Learn about the various chondrite components and describe these. It might be very helpful to do this using sketches.","Chondrite enthalten primitives Material, das direkt in der protoplanetaren Scheibe gebildet, und darauf folgend im Meteoriten-Mutterkörper gar nicht bis stark verändert wurde. Die einzelnen Komponenten der Chondrite erlaubt direkte Rückschlüsse auf die Struktur, Bildung, Entwicklung, Chronologie, usw. der protoplanetaren Scheibe. Es ist daher von zentraler Bedeutung, die verschiedenen Komponenten der Chondrite zu kennen. Informiere Dich über die verschiedenen Chondrit-Komponenten, und beschreibe diese am Besten mit Hilfe von Zeichnungen.","chondrite, component, mineral, classification, structure, texture","chondrit, komponente, mineral, klassifikation, struktur, textur",fundamentals,Fundamentales,Short Video (5-10 minutes) or Essay (300-600 words),Short Video (5-10 minutes) or Essay (300-600 words),80,basic,2,4,"Describe the general structure and texture of chondrites. Name and describe their components, including their general mineralogy, and how chondrites vary in their component abundances.","Beschreibe die allgemeine Struktur und Textur der Chondrite. Nenne und beschreibe deren Komponenten, inklusive deren genereller Mineralogie, und wie sich die Chondrite in der Häufigkeit ihrer Komponenten unterscheiden.","The Various Chondrites and their Components,Structure of Bulk Chondrites in 3D,Fundamental Properties of Chondrites,Structure and Appearance of Chondrite Matrices","Die verschiedenen Chondrite und ihre Komponenten,Struktur von Gesamt-Chondriten in 3D,Generelle Eigenschaften der Chondrite,Struktur und Erscheinungsbild von Chondrit-Matrices",summative,fasse zusamme,"4 Videos, 38 min",
yes,Structure and classification of chondrules,Struktur und Klassifikation der Chondren,Chondrules are one of the two major components in almost all chondrites. Their formation ranges among the most important questions in cosmochemistry. Solving this question should allow to understand one of the most important and wide spread processes in the protoplanetary disk. Chondrule textures provide ample evidence of the conditions during chondrule formation. Study the various chondrule textures and use this to describe what these tell us about the chondrule formation conditions.,"Chondren sind eine von zwei Hauptkomponenten in fast allen Chondriten. Deren Entstehung gehört zu den wichtigsten Fragen der Kosmochemie, um damit einen der offensichtlich häufigsten und wichtigsten Prozesse in der protoplanetaren Scheibe zu verstehen. Die Textur der Chondren gibt viele Hinweise auf deren Entstehungsbedingungen. Studiere die verschiednen Chondren-Texturen an und beschreibe, was daraus über die Chondren-Entstehungsbedingungen gelernt werden kann.","chondrule, structure, texture, type, formation, condition, classification","chondre, struktur, textur, typ, bildung, bedingung, klassifikation",fundamentals,Fundamentales,Short Video (5-10 minutes) or Essay (300-600 words),Short Video (5-10 minutes) or Essay (300-600 words),70,basic,2,3,Name and describe the various chondrule texture types and classifications. Explain and provide evidence for the formation of the various chondrule textures.,Nenne und beschreibe die verschiedenen Chondren Textur-Typen und -Klassifikationen. Erkläre und gib Belege für die Entstehung der unterschiedlichen Chondren-Texturen.,"Structure of Individual Chondrules in 3D,Chondrule Classification – Textural Types,Mineralogically Zoned Chondrules,Chondrule Classification – Type I and Type II,Chondrule Classification – Sub-Types A-AB-B","Struktur einzelner Chondren in 3D,Chondren Klassifikation – Textur-Typen,Mineralogisch zonierte Chondren,Chondren Klassifikation – Typ I und Typ II,Chondren Klassifikation – Sub-Typen A-AB-B",summative,fasse zusamme,"5 Videos, 23+? min",Struktur einzelner Chondren in 3D
yes,Sizes and size-distributions of chondrules,Größen und Größenverteilungen der Chondren,"Chondrules have distinct size distributions and variable mean sizes in the various chondrite groups. Have a look how the chondrule size distributions look like, and what can be learned from these for chondrule formation.","Chondren haben bestimmte Größenverteilungen und unterschiedliche, mittlere Größen in den verschiedenen Chondrit-Gruppen. Schaue Dir an, wie die Chondren-Größenverteilungen aussehen, und was sich daraus über die Chondren-Bildung lernen lässt.","chondrule, size, distribution, formation","chondre, größe, verteilung, bildung",fundamentals,Fundamentales,Brief Video (3-5 minutes) or Essay (100-200 words),Brief Video (3-5 minutes) or Essay (100-200 words),40,basic,2,1,Roughly recall the chondrule sizes in the various chondrites. Describe the chondrule size distributions and argue what can be learned from this from this for chondrule formation. Explain the difference between the 2D and 3D chondrule size distributions.,"Kenne ungefähr die Chondren-Größen in den verschiedenen Chondriten. Beschreibe die Chondren-Größenverteilungen und argumentiere, was sich daraus für die Chondren-Bildung ableiten lässt. Erkläre den Unterschied in den 2D und 3D Chondren-Größenverteilungen.","Mean Chondrule Sizes in the various Chondrite Groups,Chondrule Size Distributions,Chondrule Size Distributions in 2D and 3D","Mittlere Chondren-Durchmesser in den verschiedenen Chondrit-Gruppen,Chondren Größen-Verteilungen,Chondren Größen-Verteilungen in 2D und 3D",summative,fasse zusamme,"3 Videos, 6+? min",Chondren Größen-Verteilungen in 2D und 3D
yes,Element composition of chondrules,Element-Zusammensetzungen der Chondren,"Chondrules of a chondrule population in a chondrite have variable bulk compositions, hence, are not all the same. This is already evident from the chondrule classification into type I, II, and A, AB,B, respectively (-> these need to be known). Bulk chondrule compositions in chondrule populations of individual chondrites have distinct distributions. Also, bulk chondrules have typical REE patterns. Learn about bulk compositions of chondrules in chondrule-populations in chondrites, and what can be learned from these for chondrule formation conditions as well as locations. Use MetBase to construct a plot displaying the distribution of bulk chondrule compositions in various chondrites.","Die Chondren der Chondren-Population eines Chondriten sind nicht alle gleich zusammengesetzt, sondern unterschiedlich. Das ist unter anderem schon in der Chondren-Klassifikation in Typ I, II, bzw. A, AB, B erkennbar (-> diese müssen bekannt sein). Die Gesamtzusammensetzungen der  Chondren in Chondren-Populationen individueller Chondrite zeigen dabei eine bestimmte Verteilung. Ebenso haben SEE typische Muster in Chondren. Informiere Dich über die Gesamtzusammensetzungen von Chondren und Chondren-Populationen in Chondriten und was sich daraus über die Bildungsbedingungen und -regionen der Chondren ableiten lässt. Verwende außerdem MetBase, um selbst ein Diagramm der Verteilung von Chondren-Zusammensetzungen in verschiedenen Chondriten anzufertigen.","chondrule, population, distribution, bulk, composition, REE, fromation, condition, location, region, metbase","chondre, population, verteilung, bulk, gesamt, zusammensetzung, SEE, bildung, bedingung, ort, region, metbase",fundamentals,Fundamentales,Short Video (5-10 minutes) or Essay (300-600 words),Short Video (5-10 minutes) or Essay (300-600 words),60,basic,2,3,Recall approximate compositional intervals of important elements of a typical chondrule population of a single chondrite. Describe the distribution of bulk chondrule compositions of the chondrule population in a single chondrite. Describe the REE patterns and abundances in bulk chondrules. Explain why chondrules in a single chondrite have variable bulk compositions. Demonstrate from how many different reservoirs chondrules of a single chondrite originate. Apply MetBase to specific problems.,"Nenne ungefähre Zusammensetzungsintervalle wichtiger Elemente einer typischen Chondren-Population eines Chondriten. Beschreibe die Verteilung der Gesamtzusammensetzungen der Chondren-Population eines Chondriten. Zusammensetzungen eines Chondriten. Beschreibe die Muster und Häufigkeiten von SEE in Gesamt-Chondren. Erkläre, weshalb Chondren in einem Chondrit unterschiedliche Gesamt-Zusammensetzungen haben. Begründe, aus wie viel verschiedenen Reservoiren Chondren eines Chondriten stammen. Anwendung von MetBase auf konkrete Fragestellungen.","Bulk Chondrule Element Distributions,REE Composition of Bulk Chondrules","Gesamt-Chondren Element Verteilungen,SEE Gesamtzusammensetzung von Chondren",summative,fasse zusamme,,
yes,Isotope composition of chondrules,Isotopen-Zusammensetzungen der Chondren,"Chondrules have variable bulk isotope compositions, which can be highly variable for the various elements. This mostly depends on the process that fractionated the isotopes. The bulk isotope compositions of chondrules in a single chondrite often show a distinct distribution. Learn about bulk chondrule isotope compositions and distributions, and what can be learned from these about chondrule formation conditions and regions.","Die Chondren haben unterschiedliche Isotopen-Gesamtzusammensetzungen. Die Unterschiede dieser Isotopen-Gesamtzusammensetzungen können für verschiedene Elemente sehr unterschiedlich sein. Das hängt in der Regel damit zusammen, welcher Prozess die Isotope fraktioniert hat. Die Isotopen-Gesamtzusammensetzungen der Chondren in einem Chondrit zeigen oftmals eine bestimmte Verteilung. Schaue Dir die Isotopen-Zusammensetzung von Chondren und deren Verteilung in einem Chondriten an, und was daraus über die Bildungsbedingungen und -regionen der Chondren abgeleitet werden kann.","isotope, chondrule, population, distribution, bulk, composition, fromation, condition, location, region","isotop, chondre, population, verteilung, bulk, gesamt, zusammensetzung, bildung, bedingung, ort, region",fundamentals,Fundamentales,Brief Video (3-5 minutes) or Essay (100-200 words),Brief Video (3-5 minutes) or Essay (100-200 words),45,basic,2,2,Recall bulk chondrule isotope intervals of important elements. Relate the width of such intervals to the mechanism of isotope fractionation processes. Describe the distribution of bulk chondrule isotope compositions. Use the bulk chondrule isotope compositions as evidence for their formation from a common reservoir.,Nenne Intervalle von Gesamt-Chondren Isotopen-Zusammensetzung wichtiger Elemente. Setze die Breite der Isotopen-Intervalle in Bezug zum Mechanismus der Isotopen-Fraktionierungsprozesse. Beschreibe die Verteilung der Gesamt-Chondren Isotopenzusammensetzungen der Chondren-Population eines Chondrites. Belege anhand der Isotopen-Zusammensetzung der Chondren deren Bildung aus einem gemeinsamen Reservoir.,"Bulk Chondrule Stable Isotope Compositions,Bulk Chondrule Isotope Distributions","Stabile Isotopen-Zusammensetzungen von Gesamt-Chondren,Gesamt-Chondren Isotopen Verteilungen",summative,fasse zusamme,,Gesamt-Chondren Isotopen Verteilungen
yes,Petrology and phase diagrams for chondrules,Petrologie und Phasendiagramme für Chondren,"Chondrules are ultramafic systems, resembling Earth’s mantle – plus metal and sulphides. Chondrule petrology and crystallisation are therefore best described in similar phase diagrams as used for basalts. Familiarise yourself with appropriate phase diagrams for chondrules and describe typical crystallisation paths for these, to explain their observed phases and phase relationships.","Chondren sind ultramagische System und ähneln darin dem Erdmantel – plus Metall und Sulfide. Die Petrologie und Kristallisation der Chondren werde daher am Besten in ähnlichen Phasendiagrammen wiedergeben, wie sie auch für Basalte verwendet werden. Mache Dich mit geeigneten Phasendiagrammen für Chondren vertraut und beschreibe typische Kristallisationspfade für diese, um deren beobachtete Phasen und Phasenbeziehungen zu erklären.","phase diagram, chondrule crystallisation, mineral","phasendiagramm, chondre, kristallisation, mineral",fundamentals,Fundamentales,Short Video (5-10 minutes) or Essay (300-600 words),Short Video (5-10 minutes) or Essay (300-600 words),70,basic,2,2,"Name adequate ternary and binary phase diagrams to describe crystallisation and melting of chondrules. Explain the layout and details of these phase diagrams, as well as crystallisation whats for equilibrium and fractional crystallisation.","Nenne adäquate ternäre und binäre Phasendiagramme, um die Kristallisation und das Aufschmelzen von Chondren zu beschreiben. Erkläre den Aufbau und die Elemente in diesen Phasendiagrammen, sowie Kristallisationspfade für die Gleichgewichts- und fraktionierte Kristallisation.","Mineral Crystallisation in Chondrules (An - SiO2 - Fo including binary systems),Mineral Crystallisation in Chondrules (Di - An - Fo including binary systems)","Mineralkristallisation in Chondren (An - SiO2 - Fo inkl. der binären Systeme),Mineralkristallisation in Chondren (Di - An - Fo inkl. der binären Systeme)",summative,fasse zusamme,"2 Videos, 18 min",
yes,Chondrule Formation,Entstehung der Chondren,"Chondrules formed in brief, high-temperature events. While the conditions of chondrule formation are well known, the mechanism that formed chondrules are still rather speculative. Learn about chondrule formation conditions and familiarise yourself with the arguments behind these. Have a look at the suggested chondrule formation mechanisms. Describe what is currently known about chondrule formation.","Chondren haben sich in kurzen, hoch-Temperaturereignissen gebildet. Während die Bedingungen dieser Ereignisse gut bekannt sind, ist der Mechanismus dahinter weitgehende Spekulation. Informiere Dich über die Chondren-Bildungsbedingungen und mache Dich mit den Argumenten vertraut, woraus diese Bedingungen abgeleitet werden. Schaue Dir vorgeschlagenen Chondren-Bildungsmechanismen an. Beschreibe, was derzeit über Chondren-Bildung bekannt ist.","chondrule, formation, model, mechanism, condition","chondre, bildung, modell, mechanismus, bedingung",fundamentals,Fundamentales,Video (7-15 minutes) or Essay (600-1000 words),Video (7-15 minutes) or Essay (600-1000 words),90,advanced,2,4,"Demonstrate and argue why chondrules experienced only brief heating, and how we know this. Describe the ambient conditions of chondrule formation. Explain why there was a temperature limit during chondrule formation. Explain the meaning of the 2-component model, and where chondrules were likely formed. Recall, discriminate and describe the most important chondrule formation models.","Belege und argumentieren, weshalb Chondren nur kurzzeitig aufgeheizt wurden, und woher man das weiß. Beschreibe Umgebungsbedingungen, in denen sich Chondren gebildet haben. Erkläre, weshalb eine bestimmte Temperatur bei der Chondren-Bildung nicht überschritten werden konnte.  Erkläre, was das 2-Komponenten Modell bedeutet, und wo sich Chondren wahrscheinlich gebildet haben. Nenne, unterscheide und beschreibe die wichtigsten Chondren-Bildungsmodelle.","Thermal Episode of Chondrule Formation,Shock Wave Model of Chondrule Formation,Asteroid Collision Model of Chondrule Formation,X-Wind Model,Additional Chondrule Formation Models","Thermische Episode der Chondren-Bildung,Schock-Wellen Modell der Chondren-Bildung,Asteroiden-Kollisionsmodell der Chondren-Bildung,X-Wind Modell,Weitere Chondren-Bildungsmodelle",summative,fasse zusamme,"5 Videos, 14+? min",
yes,CAI formation,Entstehung der CAIs,"Ca,Al-rich inclusions (CAIs) are a minor, but important component in chondrites, as they mark time zero for the dating of solar system events. Learn about the characteristics, abundances, formation and classification of CAIs, and discriminate these from similar components.","Ca,Al-reiche Einschlüsse (CAIs) sind zwar eine Neben-Komponente in Chondriten, jedoch eine sehr wichtige, da sie den Nullpunkt für alle Datierungen im Sonnensystem setzen. Lerne die Charakteristika, Häufigkeiten, Bildung und Klassifikation der CAIs, und unterscheide sie von ähnlichen Komponenten.","CAI, formation, xenolith, classification","CAI, bildung, xenolith, klassifikation",fundamentals,Fundamentales,Short Video (5-10 minutes) or Essay (300-600 words),Short Video (5-10 minutes) or Essay (300-600 words),60,basic,2,2,"Describe the general appearance and characteristics of CAIs. Describe the classification and modal abundances of CAIs. Explain how CAIs formed and how we know this. Explain whether or not CAIs are xenoliths and how we know this. Discriminate CAIs, AOAs, and RIs.","Beschreie das allgemeine Auftreten, sowie die allgemeinen Charakteristika der CAIs. Beschreibe die Klassifikation und Häufigkeit der CAIs. Erkläre wie sich CAIs Bildung und woher wir das wissen. Erkläre ob CAIs Xenolithe sind und wie wir das belegen können. Unterscheide CAIs, AOAs und RIs.","CAIs – Types & Classification with respect to Minerals,CAI Classification – REE patterns,CAI Abundances,CAIs are likely Xenoliths,CAIs and AOAs are both Refractory Inclusions","CAIs – Arten & Klassifikation nach Mineralen,CAI Klassifikation – REE Muster,CAI Häufigkeiten,CAIs sind wahrscheinliche Xenolithe,CAIs & AOAs sind beides Refraktäre Einschlüsse",summative,fasse zusamme,"5 Videos, 28 min",
yes,Presolar Grains,Präsolare Körner,"Presolar grains are a trace component in meteorite. They originate from other stars and are characterised by massively different isotope compositions than all other meteorite components. Learn about the formation, origin, transport, types and classification of presolar grains.","Präsolare Körner sind Spuren-Komponenten in Meteoriten. Sie stammen von anderen Sternen und sind charakterisiert durch massiv unterschiedliche Isotopen-Zusammensetzung als alles andere Material in unserem Sonnensystem. Lerne über die Bildung, den Ursprung, Transport, die Typen und Klassifikation der präsolaren Körner.","prsolar, component, classification, isotope","präsolar, komponente, klassifikation, isotop",fundamentals,Fundamentales,Short Video (5-10 minutes) or Essay (300-600 words),Short Video (5-10 minutes) or Essay (300-600 words),60,basic,2,2,Describe the various types of presolar grains and how these are classified. Compare the isotope variations of presolar grains to solar system materials. Explain how presolar grains can be found and identified.,Beschreibe die verschiedenen Typen präsolarer Körner und wie diese klassifiziert werden. Vergleiche die Isotopen-Variationen präsolarer Körner mit anderem Material unseres Sonnensystems. Erkläre wie präsolare gefunden und identifiziert werden.,"Presolar Grains – Types and Abundances, Presolar Grains – Isotope Compositions","Präsolare Körner – Arten und Häufigkeiten,Präsolare Körner – Isotopen-Zusammensetzungen",summative,fasse zusamme,"2 Video, 13 min",
yes,The age of meteorites and planetary bodies,Das Alter der Meteorite und planetarer Körper,Dating of solar system objects such as meteorites or IDPs allows us to produce a chronology of events such as chondrule formation or planetary accretion and differentiation in the early solar system. Various and appropriately chosen short- and long-lived radioactive isotope decay systems are  required to reconstruct these events.,"Die Chronologie der Ereignisse im frühen Sonnensystem wie etwa Chondrenbildung oder Akkretion und Differenzierung planetarer Körper kann über die Datierung von Objekten wie Meteoriten oder IDPs rekonstruiert werden. Verschiedene und entsprechend ausgewählter kurz- sowie langlebiger radioaktiver Isotopen-Systeme sind nötig, um diese Ereignisse zu rekonstruieren.","chronology, dating, decay system, event, early solar system","chronologie, datierung, zerfallsszstem, ereignis, frühes Sonnensystem",fundamentals,Fundamentales,Short Video (5-10 minutes) or Essay (300-600 words),Short Video (5-10 minutes) or Essay (300-600 words),60,basic,2,2,Name important decay systems to reconstruct the chronology of early solar system events. Describe the succession of events in the early solar system.,Nenne wichtige Zerfallssysteme um daraus die Chronologie des frühen Sonnensystems zu rekonstruieren. Beschreibe die Abfolge der Ereignisse im frühen Sonnensystem.,"Chronology of Events in the Early Solar System,Choosing Appropriate Decay Systems for Age Dating","Chronologie der Ereignisse im frühen Sonnensystem,Auswahl geeigneter Zerfallssysteme für die Alterdatierung",summative,fasse zusamme,"2 Video, 10 min",
yes,Formation reservoirs/-locations of chondrite components,Bildungsreservoire/-bereiche der Chondrit-Komponenten,"Chondrule bulk compositions in individual chondrites have distinct distribution. Further, chondrules and matrix have different mean composition in individual chondrites. Learn about the relationship of chondrules and matrix in chondrites, and what we can learn from this about their formation and formation reservoirs. Describe the chondrule-matrix complementarity and explain – in conjunction with additional arguments – whether chondrules, as well as chondrules and matrix, respectively, formed from a common or from various reservoirs in the protoplanetary disk.","Chondren Gesamtzusammensetzungen haben bestimmte Verteilungen in Chondriten. Weitere haben Chondren und Matrix in individuellen Chondriten unterschiedliche, mittlere Zusammensetzungen. Lerne über den Zusammenhang zwischen Chondren und Matrix in Chondriten, und was daraus über deren Entstehung- sowie Entstehungsreservorie ausgesagt werden kann. Beschreibe die Chondren-Matrix Komplementarität, und erkläre zusammen mit weiteren Argumenten, ob Chondren, bzw. Chondren und Matrix eines Meteoriten  aus einem oder mehreren Reservoiren der protoplanetaren Scheibe stammen.","chondrule, matrix, complementarity, reservoir, origin, protoplanetary disk","chondre, matrix, komplementarität, reservoir, usrprung, protoplanetare scheibe",fundamentals,Fundamentales,Video (7-15 minutes) or Essay (600-1000 words),Video (7-15 minutes) or Essay (600-1000 words),90,advanced,2,4,"Explain required parameters for chondrule-matrix complementarity. Explain and demonstrate whether and why chondrules and matrix either formed (i) together in a common reservoir, or (ii) in various reservoirs and were later mixed together. Further, explain and demonstrated if chondrules alone and of individual meteorites formed from a common or various reservoirs.","Erkläre, welche Parameter erfüllt sein müssen, um von Chondren-Matrix Komplementarität zu sprechen. Erkläre und begründe ob und warum Chondren und Matrix entweder (i) gemeinsam in ein und demselben Reservoir entstanden, oder (ii) in unterschiedlichen Reservoiren entstanden und anschließend zusammen gemischt wurden. Erkläre und begründe weiter, ob Chondren eines Meteoriten wahrscheinlich aus einem oder mehreren Reservoiren stammen.","Chondrule-Matrix Complementarity,Chondrule-Matrix Isotope Complementarity,Comparing Mixing vs. Magmatic Origin for Bulk Chondrule Compositions,Possibilities of how to Mix Components","Chondren-Matrix Komplementarität,Chondren-Matrix Isotopen Komplementarität,Vergleich von Mischung und Magmatischem Ursprung für Chondren Gesamt-Zusammensetzungen,Möglichkeiten Komponenten zu Mischen",summative,fasse zusamme,"4 Videos, 21 min",
yes,Mathematical basics for isotopes and dating,Mathematische Grundlagen für Isotope und Datierung,"A few mathematical basics are critical to understand the equations for dating and chronology. Explain what exponents, logarithms, and differential equations are, and how these work.","Für das Verständnis der Gleichungen für die Datierung und Chronologie sind wenige mathematische Grundlagen wichtig zu verstehen. Erkläre was Exponenten, Logarithmen, Differential-Gleichungen sind und wie diese funktionieren.","exponent, logarithm, differential equation, dating, chronology, isochron","exponent, logarithmus, differential-gleichung, datierung, chronologie, isochrone",fundamentals,Fundamentales,Brief Video (3-5 minutes) or Essay (100-200 words),Brief Video (3-5 minutes) or Essay (100-200 words),40,basic,2,1,Confidently recall and apply exponents and logarithms. Explain what a differential equation is. Relate the function e^x to is derivative e^x.,Nenne und verwende sicher Exponenten und Logarithmen. Erkläre was eine Differential-Gleichung ist. Setze die Funktion e^x in Bezug zu seiner Ableitung e^x.,"Basic Exponential and Logarithmic Laws,Why the derivative of e^(x) equals e^(x),What is a Differential Equation,Solving (Differential) Equations","Grundlegende Exponential und Logarithmus Gesetze,Warum die Ableitung von e^(x) wieder e^(x) ist,Was ist eine Differential-Gleichung?,Lösen von (Differential)Gleichungen",summative,fasse zusamme,"4 Videos, 13 min",
yes,Dating & radioactive decay,Datierung & radioaktiver Zerfall,"As an entrance to dating and chronology, it is critical to familiarise oneself with the fundamentals of the radioactive decay. Inform yourself with the modes of radioactive decay, how the decay proceeds, the meaning of the decay constant/half life, and how the radioactive decay is presented in plots. Describe the important fundamentals of the radioactive decay.","Als Einstieg in die Datierung und Chronologie ist es wichtig, sich grundsätzlich mit dem radioaktiven Zerfall zu beschäftigen. Schaue Dir dazu die Arten des radioaktiven Zerfalls an, wie der Zerfall verläuft, was die Zerfallskonstante/Halbwertszeit bedeutet, und wie der radioaktive Zerfall in Diagrammen dargestellt wird. Beschreibe die wichtigen Grundlagen des radioaktiven Zerfalls.","decay, radioacive, radiogenic, half live, constant","zerfall, radioaktiv, radiogen, halbwertszeit, konstante",fundamentals,Fundamentales,Brief Video (3-5 minutes) or Essay (100-200 words),Brief Video (3-5 minutes) or Essay (100-200 words),50,basic,2,1,"Describe the varies modes of radioaktive decay. Describe and explain the radioactive decay, as well as the radiogenic evolution. Relate the decay constant to the half life.",Beschreibe die verschiedenen Arten des radioaktiven Zerfalls. Beschreibe und erkläre den radioaktiven Zerfall sowie die radiogene Entwicklung. Setze die Zerfallskonstanten in Relation zur Halbwertszeit.,"Modes of Radioactive Decay,Coin Tosser – Illustrating the De- and Increase of the Radioactive Elements,Radiogenic Evolution,Radiogenic Decay Plot,Relationship Decay Constant <-> Half-Life","Arten des Radioaktiven Zerfalls,Münzschüttel-Tisch – Veranschaulichung der Ab- und Zunahme Radioaktiver Elemente,Radiogene Entwicklung,Radioaktiver Zerfall Diagramm,Beziehung Zerfallskonstante <-> Halbwertszeit",summative,fasse zusamme,"5 Videos, 22 min",
yes,The isochron equation and the isochron diagram,Die Isochronen-Gleichung und das Isochronen-Diagramm,"Age dating is done using isochron diagrams from which – and in conjunction with the isochron equation – the absolute or relative age of a sample is determined, depending on whether it is a short lived or long lived decay system. The isochron equation can be directly derived from the decay equation. Understand the connection between the decay and isochron equations, and learn the difference between long-lived decay system/absolute dating and short-lived decay system/relative dating.","Zur Datierung verwendet man Isochronen-Diagramme, aus denen man mit Hilfe der Isochronen-Gleichung absolute oder relative Alter von Proben bestimmt, je nachdem, oben es sich um ein langlebiges oder ein kurzlebiges Zerfallssystem handelt. Die Isochronen-Gleichung kann direkt aus der Zerfallsgleichung abgeleitet werden. Beschäftige Dich mit dem Zusammenhang Zerfallsgleichung – Isochronen-Gleichung, und lerne den Unterschied zwischen langlebigem Zerfallssystem/absolute Datierung und kurzlebiges Zerfallssystem/relative Datierung. Beschreibe diese Grundlangen der Datierung.","dating, chronology, isochron, decay, constnat, relative, absolute, short-lived, long-lived","datierung, chronologie, isochrone, zerfallsgleichung, zerfall, relativ, absolut, kurzlebig, langlebig",fundamentals,Fundamentales,Video (7-15 minutes) or Essay (600-1000 words),Video (7-15 minutes) or Essay (600-1000 words),90,advanced,2,4,"Recall the decay equation. Relate the decay to the isochron equation. Name the plot-type of the isochron plot. Explain and describe the difference between long-lived and short lived decay system and plot, respectively.","Nenne die Zerfallsgleichung. Erkläre den Zusammenhang zwischen der Zerfalls-und Isochronen-Gleichung. Benenne den Diagramm-Typ des Isochronen-Diagramms. Erkläre und beschreibe den Unterschied zwischen langlebigem und kurzlebigem Zerfallssystem, bzw. -Diagramm. ","Deriving the Decay Equation,Deriving the Isochron Equation,Isochron-Plot of Long-Lived Decay Systems,Isochron-Plot of Short-Lived Decay Systems","Ableitung der Zerfallsgleichung,Ableitung der Isochronen-Gleichung,Isochronen-Plot Kurzlebiger Zerfallssysteme,Isochronen-Plot Langlebiger Zerfallssysteme",summative,fasse zusamme,"4 Videos, 31 min",
yes,Plot Types and Making of a Plot,Plot-Typen und Anfertigen eines Plots,"It is most sensible to present data in plots. It is of utmost importance to meaningfully present data, when constructing a plot. It is critical not to forget any of the key elements of a plot. It is equally important to be aware of which plot type one uses, or what plot type one is looking at, respectively. Inform yourself about the various plot types, describe their key elements, and produce a selection of the important plot types in MetBase.","Daten werden sinnvollerweise in Diagrammen dargestellt. Bei der Erstellung von Diagrammen ist die aussagekräftige Darstellung der Daten unerlässlich. Dazu muss darauf geachtet werden, keines der zentralen Elemente eines Diagramms zu vergessen. Ebenso wichtig ist es zu wissen, welchen Diagramm-Typ man verwendet, bzw. zu erkennen, um was für einen Diagramm-Typ es sich bei einem betrachteten Diagramm handelt. Informiere Dich über die verschiedenen Diagramm-Typen, beschreibe die wichtigen Elementen eines Diagramms, und stelle eine Auswahl der wichtigen Diagramm-Typen in MetBase dar.","plot, type, metbase, construct","diagramm, plot, typ, metbase, konstruiere",optional,optional,Short Video (5-10 minutes) or Essay (300-600 words),Short Video (5-10 minutes) or Essay (300-600 words),60,basic,2,2,"Recall and name all required elements of a plot. Recall, present and apply all important plot types. Confident application of the various plot types in MetBase.","Kenntnis und Benennung aller notwendigen Elemente eines Diagramms. Kenntnis, Darstellung und Verwendung der wichtigen Diagramm-Typen. Sicheres Anwenden der verschiedenen Diargamm-Typen in MetBase.","Making a Plot,Basics of Scatter Plots,Basics of Category Plots,Basics of Function Plots,Basics of Parametric Plots,Basics of Combining Plots,Basics of Ternary Plots","Einen Plot anfertigen,Grundlegendes über Scatter Plots,Grundlegendes über Kategorien Plots,Grundlegendes über Funktionen Plots,Grundlegendes über Parameter Plots,Grundlegendes über Plot-Kombinationen,Grundlegendes über Ternäre Plots",summative,fasse zusamme,"7 Video, 33 min",
,Special Appearance: Mojo,Extra-Auftritt: MoJo,"A. Morbidelli and S. Raymond guide through this special series entitled: ›MOJO - Modeling the Origin of JOvian planets‹. The series consists of 11 parts, covering a variety of topics related to the formation of the planets, with a focus on the gas planets.","A. Morbidelli und S. Raymond führen durch diese Extra-Serie mit dem Titel: ›MOJO - Modeling the Origin of JOvian planets‹. Die Serie besteht aus 11 Teilen und diskutiert verschiedene Themen mit Bezug zur Bildung der Planeten, mit einem Fokus auf den Gasplaneten. Diese Serie ist nur in englischer Sprache verfügbar.","mojo, special","mojo, spezial",optional,optional,Video (7-15 minutes) or Essay (600-1000 words),Video (7-15 minutes) or Essay (600-1000 words),90,advanced,2,4,"For guest series such as this, no specific learning goals are currently defined. Summarise and present the important topics of this series.",Für Gast-Serien wie diese sind derzeit keine spezifisch Lernziele definiert. Fasse die  wichtigen Aspekte dieser Serie zusammen und stelle diese dar.,All the videos in the MoJo Special Appearance series.,All Videos in der MoJo Spezial-Auftritt Serie.,summative,fasse zusamme,"11 Video, 80 min",
,,,,,,,,,,,,,,,,,,,,,,
,,Grand Tack,,,,,,,,,,,,,,,,,,,,
,,Isotopische Zusammensetzung der Meteorite,,,,,,,,,,,,,,,,,,,,
,,Alteration,,,,,,,,,,,,,,,,,,,,
,,Entstehung des Mondes,,,,,,,,,,,,,,,,,,,,
,,,,,,,,,,,,,,,,,,,,,,
,Briefly describe the main events of early solar system formation from a molecular cloud until the foramtion of the planets.,Erläutere in wenigen Sätzen die Entstehung unseres Sonnensystems.,,,solar system,Sonnesystem,fundamentals,Fundamentales,Short Video (max. 10 minutes) or Essay (max. 700 words),Kurzes Video (max. 10 Minuten) or Essay (max. 700 Wörter),30,3,professional,3,Ability to describe the sequence of events of our solar system formation in chronological order. General understanding of planetary system formation. ,,"Collapse of the molecular cloud, rotating protoplanetary disk, condensation, addition of short radionuclides, component formation, complementarity, reservoirs, accretion, collisions, asteroids, runaway growth",,summative,fasse zusamme,,
,,,"Nun soll es etwas um die Zusammensetzung von Meteoriten und der Erde gehen, und wie diese evtl. zusammenhängen. Schaue dazu zunächst die Zusammensetzung der wichtigen Elemente Mg, Si und Al von Meteoriten und Erde an. In einem zweiten Schritt soll es um die Entwicklung der Zusammensetzung der Erde gehen, und wie man daraus etwas über die Differentation der Erde, und möglicher, später Einschläge auf die Erde lernen kann.Aufgabe: Überlege (i) ob die Mg-, Si-, Al-Zusammensetzung der Erde aus Meteoriten erklärt werden kann. (ii) Wie kann aus der Zusammensetzung der Erde auf mögliche, sehr späte Meteoriten-Einschläge geschlossen werden?",,,,,,,,,,,,,,,,,,,
,"Material evaporates from a chondrule melt during its high-temperature formation stage. Assuming complete vacuum around the chondrule, what are the realtive speed differences of the stable isotopes 54Fe, 56Fe, and 57Fe during evaporation?","Eine Chondrenschmelze evaporiert während der Chondrenbildung Fe. Welchen relativen Geschwindigkeitsunterschied haben dabei die 3 abdampfenden, stabilen Isotope 54Fe, 56Fe und 57Fe?",,,"stable isotope, chondrules, thermodynamic","Stabile Isotope, Chondre, Thermodynamik",stable isotopes,Stabile Isotope,Brief Video (max. 5 minutes) or Essay (max. 200 words),Knappes Video oder Audio (max. 5 Minuten) or Essay (max. 200 Wörter),10,3,basic,2,Ability to apply Grahams law and calculate the various speeds. Explain the result from these various speeds.,,Formula of Grahams law. Calculating the speed differences.,,summative,fasse zusamme,,
,"Which distinct growth stages exist when planets form. What sizes do the various, intermediate objects have? What are the rough timescales for this evolutionary growth?",Welches ist der auffallendste Prozess zur der Bildung der Planeten?,,,components,Komponente,fundamentals,Fundamentales,Brief Video (max. 5 minutes) or Essay (max. 200 words),Knappes Video (max. 5 Minuten) or Essay (max. 200 Wörter),10,2,basic,2,Express the sequence of events in the portoplanetary disk from ISM material to planets and the time this took. Name the correct objects at the various stages with their correct size.,,"4 stages: ISM –, sub-µm, meteorite components – µm to mm, asteroids – m to hundreds of km, planets – thousands of km",,summative,fasse zusamme,,
,How do we know meteorites can tell us a lot about the early solar system?,Weshalb sind Meteorite wichtig für unser Verständnis des frühen Sonnensystems?,,,"solar system, protoplanetary disk","Sonnesystem, Protoplanetare Scheibe",fundamentals,Fundamentales,Brief Video (max. 5 minutes) or Essay (max. 200 words),Knappes Video (max. 5 Minuten) or Essay (max. 200 Wörter),10,4,professional,3,Showing knwoldege and awareness of the most fundamental justification for meteorite research.,,Same composition as the Sun. Contain the oldest known objects of our solar system.,,summative,fasse zusamme,,
,Why is the Earth manle much more oxidised compared to the protoplanetary disk?,"Weshalb sind die Gesteine des Erdmantels im Vergleich zum solaren Nebel stark oxidiert, bzw. weshalb ist der Nebel extrem reduziert?",,,"protoplanetary disk, thermodynamic","Protoplanetare Scheibe, Thermodynamik",fundamentals,Fundamentales,Brief Video or Audio (max. 5 minutes) or Essay (max. 200 words),Knappes Video oder Audio (max. 5 Minuten) or Essay (max. 200 Wörter),10,3,intermediate,2,"Combining knowledge from the mineral/element composition in the protoplanetary disk and the Earth's mantle, and showing the ability to connect this to the oxygen fugacity, which is a measure of reducing and oxidising conditions.",,"The protoplanetary disk contains lots of metal, while the metal on Earth is in the core, shifting the oxygen fugacity from orders of magnitude below IW in the protoplanetary disk to FMQ in the Earth's mantle.",,answer,antworte,,
,Why are the rocks of planetary bodies made from silicates/oxides and not carbides? ,Weshalb bestehen die Körper unseres Sonnensystems aus Oxiden und nicht Karbiden?,"Start with thinking about the difference between oxides and carbides. Then collect information about the element composition of the protoplanetary disk. Finally, you need to know about the gas chemistry of the fundamental building blocks of oxides and carbides.",Überlege zunächst den Unterschied zwischen Oxiden und Karbiden. Informiere Dich über die Element-Zusammensetzung der protoplanetaren Scheibe. Schließlich benötigst Du die Gaschemie der wesentlichen Bausteine der Oxide und Karbide.,"protoplanetary disk, thermodynamic","Protoplanetare Scheibe, Thermodynamik",fundamentals,Fundamentales,Brief Video or Audio (max. 5 minutes) or Essay (max. 200 words),Knappes Video oder Audio (max. 5 Minuten) or Essay (max. 200 Wörter),10,3,intermediate,2,Connect the C/O ratio of the protoplanetary disk with the silicate/oxide chemistry of terrestrial planets. Being aware that the CO molecule is the pivotal element in this relationship.,,"C/O ratio below 1. CO is a highly stable molecule and will consume all available oxygen. If more C than O available, i.e., C/O above 1, only C remains, making a carbide chemistry. As the solar system had C/O below 1, oxygen remained for a silicate/oxide chemistry.",,answer,antworte,,
,How does the 50% condensation temperature change with increasing ambient pressure?,Wie ändert sich die Kondensationstemperatur mit steigendem Druck? Wie mit abnehmender Häufigkeit?,,,"thermodynamic, condensation","Thermodynamik, Kondensation",processes,Prozesse,Brief Video or Audio (max. 5 minutes) or Essay (max. 200 words),Knappes Video oder Audio (max. 5 Minuten) or Essay (max. 200 Wörter),10,1,basic,1,Knowing the relationship between pressure and temperature with respect to the 50% condensation temperature of the elements.,,"At higher pressures, elements condense at lower temperatures. So, if the temperature stays the same, elements will start to condense with increasing pressure.",,answer,antworte,,
,,"Eine Forscherin untersucht eine Chondre mit der Mikrosonde, und fertigt verschiedene Element-Maps an. Daraus produziert sie eine Phase Map, und erkennt folgendes: Es ist eine porphyrische Olivin Chondre, mit einem Rand aus niedrig-Ca Pyroxen. Einige Metalle und wenige Sulfide treten auf. Die Mesostasis ist leicht entglast, und besteht aus Feldspat artigem Material, darin etwas Pyroxen, Feldspat und wenig Quarz. Zusätzlich tritt in den Olivinen und der Matrix Spinell auf. Feinen Risse durchziehen die Chondre, die mit Fe-Hydroxiden verfüllt sind.
Frage: Was lässt sich über die Entstehung dieser Chondre aussagen?",,,"petrology, component",,research simulation,,Extended Video (max. 20 minutes) or Essay (max. 2000 words),,120,5,expert,,,,"Open System. Kristallisationsreihenfolge, -keime, -geschwindigkeit, Alteration auf dem Mutterkörper und/oder terrestrisch.",,summative,,,
,,"Ein studentischer Hiwi untersucht einen Meteoriten und macht folgende Beobachtungen: Der Meteorit enthält fast ausschließlich Chondren, und kaum Matrix. CAIs sind nicht vorhanden, auch praktisch keine Opak-Phasen. Im Dünnschliff ist der Bereich zwischen den Chondren Orange gefärbt. In einem Teil des Meteoriten sind kleinere und etwas weniger Chondren als im Rest. Von den 50 genauer untersuchten Chondren haben 5 längliche Balken. In 37 Chondren sind große Minerale enthalten. In 4 Chondren scheinen Minerale radialstrahlig von einem Punkt durch die Chondre gewachsen. Die restlichen haben praktisch keine Struktur.
Frage: Um was für einen Meteoriten handelt es sich? Was lässt sich über die Geschichte des Meteoriten sagen? Welche unterschiedlichen Chondren-Typen gibt es, und wie sind diese entstanden?",,,"component, petrology",,research simulation,,Extended Video (max. 20 minutes) or Essay (max. 2000 words),,120,5,expert,,,,"L-Chondrit, terrestrische Verwitterung, 2 Lithologien -> Brekzie, Histogram der Chondren-Typ Verteilung (BO, PO/POP, RP), Manche Chondren hatten keine Kristallisationskeime mehr, d.h. unterschiedliche Peak-T und/oder Abkühlgeschwindigkeiten.",,summative,,,
,,"Ein alter Mann steigt von einem Berg herab und läuft eiligen Schrittes in einen Vorlesungssaal. Dort verkündet er, ihm wäre eben auf dem Gipfel des Berges folgendes verkündet worden, und leider verstehe er kein Wort davon, und müsse es daher sofort loswerden: CAIs haben sich gemeinsam und zur selben Zeit mit Chondren in einem Reservoir gebildet. CAIs sind seltener, da einiges an Ca und Al in den Pyroxenen der Chondren eingebaut wurde. Zusätzlich wären auf der Wanderung der beiden Komponenten die CAIs in den äußern Bereichen des Sonnensystems zurück geblieben. Chondren bestehen hauptsächlich aus Albit, Olivin und etwas Pyroxen, aufgrund der fraktionierten Kondensation während deren Bildung. Und die Chondren wurden während deren Aufheizung auf 1200 bis 1500 K aufgeheizt.
Frage: Wie es der Teufel will, landete der alte Mann in einer Kosmochemie-Vorlesung. Wie erwidern die cleveren Studierenden die für den Herrn selbst unverständliche Aussagen?",,,"protoplanetary disk, component, process",,research simulation,,Extended Video (max. 20 minutes) or Essay (max. 2000 words),,120,5,expert,,,,"CAIs und Chondren können nicht gemeinsam entstehen, da CAIs langsame Abkühlung brauchen, und Chondren schnelle. CAIs sind seltener, da weniger Ca und Al vorhanden ist. Die Komponenten entstanden im inneren Sonnensystem. Der Feldspat ist eher der volatile, d.h. Na-arme Anorthit. Gleichgewicht- und fraktionierte Kondensation müssen hier sauber getrennt werden. Die Aufheizung muss über die Liquidus-Temperatur stattgefunden haben, also locker 1900 K.",,summative,,,
,,"In der Kinder-Uni fragt ein 8-jähriges Mädchen nach einem Vortrag über Meteorite und das frühe Sonnensystem den schon ganz durchentspannten Dozenten: «Wie groß ist denn so das Volumen, aus dem sich ein Planetesimal von z.B. 20 km gebildet hat?» Dem nunmehr schon weniger durchentspannten Dozenten fällt gerade noch ein, dass während der Chondren-Bildung etwa 10 Chondren einen Kubikmeter füllen. Was antwortet er nach einiger Rechnerei dieser vorlauten Gör?
Unersättlich setzt sie nach: «Und wenn man sich nun die Erdbahn als Torus vorstellt, mit dem Durchmesser der Erde, wie viele solcher Volumen, und damit potentieller Asteroiden, die sich daraus bilden könnten, würden da rein passen?» ›Hat hier kein anderer eine Frage?‹, mault der Dozent gedanklich vor sich hin, und zückt verdrießlich den Stift zum zweiten Mal.
Das nun fast zufriedene Kind nickt beeindruckt, und schiebt als letztes hinterher: «Wie viele Chondren sind denn dann so in einem Planetesimal – ach ne, in einem Kubikzentimeter reicht». Das sollte ja vollends geschwind gehen, denkt der Dozent und rechnet’s schnell noch aus.
Aufgabe: Nenne Rechenwege und Antworten des Dozenten.",,,"asteroid, protoplanetary disk",,research simulation,,Extended Video (max. 20 minutes) or Essay (max. 2000 words),,120,5,expert,,,,"Chondren-Durchmesser: 200 µm, d.h. Radius: 100 µm oder 10-4 m.
10 Chondren haben ein Gesamt-Chondrenvolumen von 10 x 4/3 π (10-4 m)3 = 4.2 10-12 m3
Das Planetesimal soll einen Durchmesser von 20 km, also einen Radius von 103 m haben. 
Damit hat das Planetesimal ein Volumen von 4/3 π (103 m)3 = 4.2 109 m3
Die folgende Menge an Volumen mit 10 Chondren darin sind also nötig, um ein Planetesimal mit 20 km Durchmesser zu machen: 4.2 109 m3 / 4.2 10-12 m3 = 1021 m3 (bzw. 1022 Chondren)
Oder einer Kugel mit 12.407 Kilometern Durchmesser.
Aber halt! Das wäre ein Planetesimal mit nur Chondren. Wenn die Hälfte Matrix ist, braucht man doppelt so viel Volumen. Da Planetesimale auch noch eine hohe Porosität haben von vielleicht ursprünglich bis zu 50%, ist das Volumen noch mal etwa doppelt so groß.
Torus/Volumen (Kreis-Durchmesser mal Bahnlänge) 2 π 1.496*1011 m π 63670002 m2 = 1,2 1026 m3
Das ergibt die folgende Anzahl von Volumen, bzw. potentieller Planetesimale
1,905 1025 m3 / 1021 m3 = 119.709
Um die Erde zu bauen, bräuchte man 4/3 π (6367*103 m)3 / 4.2 109 m3 = 2,6 1011 solcher Planetesimale mit 20 km Durchmesser, bzw. etwa 2 Millionen mal mehr, als in diesen Torus passen, bzw. 2 Millionen mal diesen Torus.
Chondren-Durchmesser: 200 µm, d.h. Radius: 100 µm oder 10-2 cm.
1 Chondren hat damit ein Volumen von 4/3 π (10-2 cm)3 = 4.2 10-6 cm3
In einem Kubikzentimeter sind daher 238.732 Chondren. Oder, mit etwas Matrix, bestimmt so an die 100.000.
Allerdings, bei einem Chondren-Durchmesser von 600 µm, d.h. Radius: 300 µm oder 3*10-2 cm.
Hat 1 Chondren ein Volumen von 4/3 π (3*10-2 cm)3 = 4.2 10-6 cm3
In einem Kubikzentimeter sind dann nur noch 8842 Chondren. Oder, mit etwas Matrix, so an die 5000.",,summative,,,
,,"Der Vier Elsen Verlag liegt in den letzten Zügen zu einem Buch über Kosmochemie. Das Budget ist schon überzogen. Es fehlt jedoch noch ein grundlegendes Kapitel, in dem dargestellt wird, wie häufig die chemischen Elemente und Komponenten in Chondriten sind, und wie sich die chemischen Elemente zwischen den Komponenten verteilen. Da das Geld für das Buch praktisch aufgebraucht ist, wendet sich der Vier Elsen Verlag an billige, studentische Kräfte, mit dem Auftrag, 5-10 Abbildungen für dieses Kapitel zu erstellen, aus denen sich der noch fehlende, verbleibende Text ableiten lässt.
Aufgabe: Ihr seid eine Gruppe ausgehungerter und durstiger Studierender, die sich um diesen Auftrag balgen. Erstellt die Abbildungen, und überzeugt die ahnungslosen Editoren des Vier Elsen Verlags, dass sich daraus ein feines Kapitel stricken lässt.",,,"component, petrology",,research simulation,,Extended Video (max. 20 minutes) or Essay (max. 2000 words),,120,5,expert,,,,"Elementhäufigkeiten des Sonnensystems, Häufigkeiten der Komponenten, Abbildung mit den verschiedenen Komponenten und/oder BSE Bild eines Meteoriten, Elementhäufigkeiten in den verschiedenen Komponenten.",,summative,,,
,,"Auf einem Mathematiker-Kongress anlässlich der Verleihung der Fields-Medaille ist noch eine kleine, aber gut ausgeleuchtete Ecke frei. Dort möchten die vergeistigten Kollegen etwas aufbauen lassen, das ein bisschen mehr praktischen Wumms und Exotik hat. Was zum Anfassen, aber doch nicht zu konkret, also vielleicht etwas Extraterrestrisches? Man entzweit sich fast über diese Frage. Die Fachschaft Geo/Min bekommt Wind davon – denn der Kongress ist in Köln – und beauftragt ihre Kosmo-Mitglieder, den verbleibenden Raum beim Kongress mit etwas über Rayleigh-Fraktionierung bei Chondren zu füllen.
Aufgabe: Entwerft einen attraktiven Stand für die Ecke, und zeigt den Kollegen, wie viel näher angewandte Mathematik dem eigentlichen Leben ist.",,,"isotope, thermodynamic, process",,research simulation,,Extended Video (max. 20 minutes) or Essay (max. 2000 words),,120,5,expert,,,,"Diagramme der Rayleigh Fraktionierung, wann und wie das bei Chondren auftritt, und was man daraus für die protoplanetare Scheibe lernen kann.",,summative,,,
,,"Der Kosmos-Verlag möchte einen neuen Experimentierkasten ins Sortiment aufnehmen. Der Arbeitstitel lautet «Easy Chondrite». Aus den vorhandenen Teilen soll ein eigener Chondrit gebaut werden können. Damit sich die Kleinen besser vorstellen können, wie der Hauptbestandteil «Chondre» aussieht, sollen außerdem Modelle von Chondren gebaut werden können.
Aufgabe: Konzipiert den Experimentierkasten, gebt ihm einen Namen und kurze Werbe-Beschreibung, und eine Kürzest-Anleitung mit den möglichen Experimenten und was dabei passiert – z.B., weshalb Chondren nicht aus kleinsten Precursorn zusammen gesetzt sein können.",,,"petrology, component",,research simulation,,Extended Video (max. 20 minutes) or Essay (max. 2000 words),,120,5,expert,,,,"Chondren, Matrix, CAIs, Opak-Phasen, Präsolare Körner, Größenverhältnisse, Precursor, Chondrenbildung",,summative,,,
,,"Herr Hollerbach möchte eine neue Ausstellung über Meteorite und das frühe Sonnensystem machen. Dazu beauftragt er ein paar Studierende mit der Umsetzung. Die Ausstellung soll Jung und Alt von der Welt der Meteorite begeistern, und dabei erklären, was man von diesen über das frühe Sonnensystem lernen kann.
Aufgabe: Ihr seid die beauftragte Studierenden-Gruppe. Konzipiert die Ausstellung und einen kleinen Flyer mit der Ankündigung des neuen Spektakels im Geo-Museum Köln.",,,fundamentals,,research simulation,,Extended Video (max. 20 minutes) or Essay (max. 2000 words),,120,5,expert,,,,"Ausstellungsstücke, Schautafeln, Meteoriten-Klassifikation, Kurze Entstehung des Sonnensystems",,summative,,,